{"Age": 0.065159, "Female": 0.583538, "Fever": -0.398079, "Weight.loss": -0.186584, "Proximal.pain": 0.327423, "Peripheral.arthritis": -0.541064, "Headache": -0.383971, "Jaw.claudication": -0.096226, "Visual.symptoms": -0.158367, "ESR": 0.038751, "CRP": -0.271502, "WBC": -0.054037, "Hb": 0.042451, "PLT": -0.066063, "Neutrophils": -0.136815, "Lymphocytes": -0.061812, "Hct": 0.117133, "RDW": -0.165324, "RF": -0.311999, "CCP": -0.154925, "ANA": -0.306058, "ALT": -0.262577, "AST": -0.196524, "GGT": -0.365169, "ALP": -0.152485, "Albumin": -0.034804}