{"mean": {"Age": 0.008142, "Female": -0.003408, "Fever": -0.00941, "Weight.loss": -0.002624, "Proximal.pain": 0.00601, "Peripheral.arthritis": -0.024039, "Headache": -0.029533, "Jaw.claudication": 0.014453, "Visual.symptoms": -0.030661, "ESR": -0.012486, "CRP": -0.020543, "WBC": -0.017035, "Hb": -0.008227, "PLT": -0.003234, "Neutrophils": -0.02015, "Lymphocytes": 0.011624, "Hct": -0.010302, "RDW": 0.017451, "RF": 0.005589, "CCP": 0.007857, "ANA": -0.017843, "ALT": -0.013027, "AST": -0.013636, "GGT": 0.014888, "ALP": -0.001721, "Albumin": 0.018718}, "scale": {"Age": 0.998603, "Female": 1.001645, "Fever": 0.992199, "Weight.loss": 0.991081, "Proximal.pain": 0.994612, "Peripheral.arthritis": 0.98552, "Headache": 0.965358, "Jaw.claudication": 1.083519, "Visual.symptoms": 0.885949, "ESR": 1.006842, "CRP": 0.9861, "WBC": 0.969495, "Hb": 0.985757, "PLT": 0.982084, "Neutrophils": 0.983071, "Lymphocytes": 1.015219, "Hct": 0.990609, "RDW": 1.010638, "RF": 0.999866, "CCP": 1.035621, "ANA": 0.969351, "ALT": 0.982254, "AST": 0.987208, "GGT": 1.006453, "ALP": 0.988549, "Albumin": 1.013985}}