{
  "mean": {
    "Unnamed: 0": NaN,
    "Age": -2.8901733414998863e-11,
    "Female": -1.4219655793244336e-10,
    "Fever": 1.999999826638108e-10,
    "Weight.loss": 1.549133137760465e-10,
    "Proximal.pain": 4.8554933740983004e-11,
    "Peripheral.arthritis": -1.34104043476849e-10,
    "Headache": -6.12716988257489e-11,
    "Jaw.claudication": -6.936414089223509e-11,
    "Visual.symptoms": 6.82081063434789e-11,
    "ESR": 1.3872843785744103e-11,
    "CRP": 2.3121389196309157e-12,
    "WBC": 1.271676816515348e-11,
    "Hb": -1.8497115464230768e-11,
    "PLT": 9.248549517748498e-12,
    "Neutrophils": 7.745665278083981e-11,
    "Lymphocytes": -9.248549517748498e-12,
    "Hct": -9.248565946482272e-12,
    "RDW": -1.849710724986388e-11,
    "RF": -7.745665688802325e-11,
    "CCP": -5.549131969599992e-11,
    "ANA": 2.080924822308652e-11,
    "ALT": -6.936413678505164e-12,
    "AST": -1.040462411154326e-11,
    "GGT": -1.271675738379694e-11,
    "ALP": 1.734102136131465e-11,
    "Albumin": 1.502889065605062e-11
  },
  "scale": {
    "Unnamed: 0": NaN,
    "Age": 0.9971056379289442,
    "Female": 0.9971056379114888,
    "Fever": 0.99710563790358,
    "Weight.loss": 0.9971056379198074,
    "Proximal.pain": 0.9971056378359489,
    "Peripheral.arthritis": 0.9971056381580257,
    "Headache": 0.9971056379870494,
    "Jaw.claudication": 0.9971056378908751,
    "Visual.symptoms": 0.9971056379049594,
    "ESR": 0.9971056379035181,
    "CRP": 0.9971056379483668,
    "WBC": 0.9971056379186511,
    "Hb": 0.9971056379380582,
    "PLT": 0.9971056379339673,
    "Neutrophils": 0.9971056379366153,
    "Lymphocytes": 0.9971056379083515,
    "Hct": 0.9971056379395427,
    "RDW": 0.997105637920082,
    "RF": 0.9971056378820492,
    "CCP": 0.9971056379538427,
    "ANA": 0.9971056378709435,
    "ALT": 0.9971056379183805,
    "AST": 0.9971056379332413,
    "GGT": 0.9971056379351498,
    "ALP": 0.9971056379243074,
    "Albumin": 0.9971056379405624
  }
}